{"cameraMode":{"drawMode":0,"name":"Shaded","section":"Shading Mode"},"sceneLighting":true,"audioPlay":false,"sceneViewState":{"showFog":true,"showMaterialUpdate":false,"showSkybox":false,"showFlares":true,"showImageEffects":true,"showParticleSystems":true},"in2DMode":false,"pivot":{"x":-4.5887603759765629,"y":-1.1600775718688965,"z":3.673057794570923},"rotation":{"x":0.17756271362304688,"y":-0.008574185892939568,"z":0.0015936504350975156,"w":0.9841098189353943},"size":23.1878604888916,"orthographic":false}