{"cameraMode":{"drawMode":0,"name":"Shaded","section":"Shading Mode"},"sceneLighting":true,"audioPlay":false,"sceneViewState":{"showFog":true,"showMaterialUpdate":false,"showSkybox":false,"showFlares":true,"showImageEffects":true,"showParticleSystems":true},"in2DMode":false,"pivot":{"x":-3.010000228881836,"y":1.4180001020431519,"z":0.18900012969970704},"rotation":{"x":0.10024609416723252,"y":-0.7465008497238159,"z":0.11559983342885971,"w":0.6476075053215027},"size":7.274612903594971,"orthographic":false}