{"cameraMode":{"drawMode":0,"name":"Shaded","section":"Shading Mode"},"sceneLighting":true,"audioPlay":false,"sceneViewState":{"showFog":true,"showMaterialUpdate":false,"showSkybox":false,"showFlares":true,"showImageEffects":true,"showParticleSystems":true},"in2DMode":false,"pivot":{"x":-4.076245307922363,"y":4.509020805358887,"z":-1.0054540634155274},"rotation":{"x":-0.011699252761900425,"y":-0.9876518845558167,"z":0.1272263377904892,"w":-0.09094865620136261},"size":11.789942741394043,"orthographic":false}