{"cameraMode":{"drawMode":0,"name":"Shaded","section":"Shading Mode"},"sceneLighting":false,"audioPlay":false,"sceneViewState":{"showFog":true,"showMaterialUpdate":false,"showSkybox":false,"showFlares":true,"showImageEffects":true,"showParticleSystems":true},"in2DMode":false,"pivot":{"x":-13.998220443725586,"y":1.903588056564331,"z":0.0007672123610973358},"rotation":{"x":0.06349021196365357,"y":-0.916279673576355,"z":0.16107816994190217,"w":0.3612855076789856},"size":0.4883219599723816,"orthographic":false}