{"cameraMode":{"drawMode":0,"name":"Shaded","section":"Shading Mode"},"sceneLighting":true,"audioPlay":false,"sceneViewState":{"showFog":true,"showMaterialUpdate":false,"showSkybox":false,"showFlares":true,"showImageEffects":true,"showParticleSystems":true},"in2DMode":false,"pivot":{"x":-13.234308242797852,"y":2.4228830337524416,"z":0.6274795532226563},"rotation":{"x":0.06945103406906128,"y":-0.9276806116104126,"z":0.2946220338344574,"w":0.21876010298728944},"size":0.17439842224121095,"orthographic":false}