{"cameraMode":{"drawMode":0,"name":"Shaded","section":"Shading Mode"},"sceneLighting":false,"audioPlay":false,"sceneViewState":{"showFog":true,"showMaterialUpdate":false,"showSkybox":false,"showFlares":true,"showImageEffects":true,"showParticleSystems":true},"in2DMode":false,"pivot":{"x":25.094390869140626,"y":29.153274536132814,"z":-28.22662353515625},"rotation":{"x":0.002603980014100671,"y":0.9970341324806213,"z":-0.03921384736895561,"w":0.066201351583004},"size":68.08428192138672,"orthographic":false}