{"cameraMode":{"drawMode":0,"name":"Shaded","section":"Shading Mode"},"sceneLighting":true,"audioPlay":false,"sceneViewState":{"showFog":true,"showMaterialUpdate":false,"showSkybox":false,"showFlares":true,"showImageEffects":true,"showParticleSystems":true},"in2DMode":false,"pivot":{"x":6.042999267578125,"y":1.5229997634887696,"z":-0.12399959564208985},"rotation":{"x":0.2627163827419281,"y":0.16713234782218934,"z":-0.046218808740377429,"w":0.9492037892341614},"size":24.24871063232422,"orthographic":false}