{"cameraMode":{"drawMode":0,"name":"Shaded","section":"Shading Mode"},"sceneLighting":false,"audioPlay":false,"sceneViewState":{"showFog":true,"showMaterialUpdate":false,"showSkybox":false,"showFlares":true,"showImageEffects":true,"showParticleSystems":true},"in2DMode":false,"pivot":{"x":-7.618266582489014,"y":2.7304043769836427,"z":5.226187705993652},"rotation":{"x":0.05521717667579651,"y":0.09484358876943588,"z":0.0052258605137467388,"w":-0.9939817786216736},"size":4.404485702514648,"orthographic":false}