{"cameraMode":{"drawMode":0,"name":"Shaded","section":"Shading Mode"},"sceneLighting":true,"audioPlay":false,"sceneViewState":{"showFog":true,"showMaterialUpdate":false,"showSkybox":false,"showFlares":true,"showImageEffects":true,"showParticleSystems":true},"in2DMode":false,"pivot":{"x":6.4019999504089359,"y":1.5230000019073487,"z":-0.12399999797344208},"rotation":{"x":0.004478681832551956,"y":-0.982768714427948,"z":0.18341700732707978,"w":0.024160955101251603},"size":10.0,"orthographic":false}