{"cameraMode":{"drawMode":0,"name":"Shaded","section":"Shading Mode"},"sceneLighting":true,"audioPlay":false,"sceneViewState":{"showFog":true,"showMaterialUpdate":false,"showSkybox":false,"showFlares":true,"showImageEffects":true,"showParticleSystems":true},"in2DMode":false,"pivot":{"x":-13.948647499084473,"y":1.9906506538391114,"z":-0.13765844702720643},"rotation":{"x":-0.2810850739479065,"y":0.12424221634864807,"z":-0.03676573187112808,"w":-0.9509336948394775},"size":0.2232723832130432,"orthographic":false}