{"cameraMode":{"drawMode":0,"name":"Shaded","section":"Shading Mode"},"sceneLighting":true,"audioPlay":false,"sceneViewState":{"showFog":true,"showMaterialUpdate":false,"showSkybox":false,"showFlares":true,"showImageEffects":true,"showParticleSystems":true},"in2DMode":false,"pivot":{"x":-4.5,"y":1.1999998092651368,"z":1.8739280700683594},"rotation":{"x":0.0014893196057528258,"y":0.1955191195011139,"z":-0.0002509760088287294,"w":0.9807378649711609},"size":24.24871063232422,"orthographic":false}