{"cameraMode":{"drawMode":0,"name":"Shaded","section":"Shading Mode"},"sceneLighting":false,"audioPlay":false,"sceneViewState":{"showFog":true,"showMaterialUpdate":false,"showSkybox":false,"showFlares":true,"showImageEffects":true,"showParticleSystems":true},"in2DMode":false,"pivot":{"x":-0.000004291534423828125,"y":0.8919532895088196,"z":0.0},"rotation":{"x":-0.003486071014776826,"y":0.9644028544425964,"z":-0.26411575078964236,"w":-0.012729978188872338},"size":1.5119092464447022,"orthographic":false}