{"cameraMode":{"drawMode":0,"name":"Shaded","section":"Shading Mode"},"sceneLighting":false,"audioPlay":false,"sceneViewState":{"showFog":true,"showMaterialUpdate":false,"showSkybox":false,"showFlares":true,"showImageEffects":true,"showParticleSystems":true},"in2DMode":false,"pivot":{"x":-0.0003663599491119385,"y":0.8595552444458008,"z":3.5762786865234377e-7},"rotation":{"x":-0.007637130096554756,"y":-0.8866421580314636,"z":-0.014615116640925408,"w":0.46224406361579897},"size":1.0847467184066773,"orthographic":false}