{"cameraMode":{"drawMode":0,"name":"Shaded","section":"Shading Mode"},"sceneLighting":true,"audioPlay":false,"sceneViewState":{"showFog":true,"showMaterialUpdate":false,"showSkybox":false,"showFlares":true,"showImageEffects":true,"showParticleSystems":true},"in2DMode":false,"pivot":{"x":-3.225551128387451,"y":-0.18914979696273805,"z":2.4953980445861818},"rotation":{"x":0.2627163827419281,"y":0.16713234782218934,"z":-0.046218808740377429,"w":0.9492037892341614},"size":5.4685869216918949,"orthographic":false}